{"IcoMoonType":"selection","icons":[{"icon":{"paths":["M936.571 273.143c14.286 20.571 18.286 47.429 10.286 73.714l-157.143 517.714c-14.286 48.571-64.571 86.286-113.714 86.286h-527.429c-58.286 0-120.571-46.286-141.714-105.714-9.143-25.714-9.143-50.857-1.143-72.571 1.143-11.429 3.429-22.857 4-36.571 0.571-9.143-4.571-16.571-3.429-23.429 2.286-13.714 14.286-23.429 23.429-38.857 17.143-28.571 36.571-74.857 42.857-104.571 2.857-10.857-2.857-23.429 0-33.143 2.857-10.857 13.714-18.857 19.429-29.143 15.429-26.286 35.429-77.143 38.286-104 1.143-12-4.571-25.143-1.143-34.286 4-13.143 16.571-18.857 25.143-30.286 13.714-18.857 36.571-73.143 40-103.429 1.143-9.714-4.571-19.429-2.857-29.714 2.286-10.857 16-22.286 25.143-35.429 24-35.429 28.571-113.714 101.143-93.143l-0.571 1.714c9.714-2.286 19.429-5.143 29.143-5.143h434.857c26.857 0 50.857 12 65.143 32 14.857 20.571 18.286 47.429 10.286 74.286l-156.571 517.714c-26.857 88-41.714 107.429-114.286 107.429h-496.571c-7.429 0-16.571 1.714-21.714 8.571-4.571 6.857-5.143 12-0.571 24.571 11.429 33.143 50.857 40 82.286 40h527.429c21.143 0 45.714-12 52-32.571l171.429-564c3.429-10.857 3.429-22.286 2.857-32.571 13.143 5.143 25.143 13.143 33.714 24.571zM328.571 274.286c-3.429 10.286 2.286 18.286 12.571 18.286h347.429c9.714 0 20.571-8 24-18.286l12-36.571c3.429-10.286-2.286-18.286-12.571-18.286h-347.429c-9.714 0-20.571 8-24 18.286zM281.143 420.571c-3.429 10.286 2.286 18.286 12.571 18.286h347.429c9.714 0 20.571-8 24-18.286l12-36.571c3.429-10.286-2.286-18.286-12.571-18.286h-347.429c-9.714 0-20.571 8-24 18.286z"],"width":952.5394285714285,"attrs":[],"isMulticolor":false,"isMulticolor2":false,"tags":["book"],"defaultCode":61485,"grid":14},"attrs":[],"properties":{"name":"book","id":46,"order":6,"prevSize":28,"code":61485},"setIdx":0,"setId":2,"iconIdx":46},{"icon":{"paths":["M438.857 365.714c0-80.571-65.714-146.286-146.286-146.286s-146.286 65.714-146.286 146.286 65.714 146.286 146.286 146.286 146.286-65.714 146.286-146.286zM585.143 365.714c0 34.857-4 70.857-18.857 102.286l-208 442.286c-12 25.143-38.286 40.571-65.714 40.571s-53.714-15.429-65.143-40.571l-208.571-442.286c-14.857-31.429-18.857-67.429-18.857-102.286 0-161.714 130.857-292.571 292.571-292.571s292.571 130.857 292.571 292.571z"],"width":585.1428571428571,"attrs":[],"isMulticolor":false,"isMulticolor2":false,"tags":["map-marker"],"defaultCode":61505,"grid":14},"attrs":[],"properties":{"name":"map-marker","id":65,"order":15,"prevSize":28,"code":61505},"setIdx":0,"setId":2,"iconIdx":65},{"icon":{"paths":["M731.429 681.714c0-2.857 0-6.286-1.143-9.143-3.429-10.286-86.857-52.571-102.857-61.714-10.857-6.286-24-18.857-37.143-18.857-25.143 0-62.286 74.857-84.571 74.857-11.429 0-25.714-10.286-36-16-75.429-42.286-127.429-94.286-169.714-169.714-5.714-10.286-16-24.571-16-36 0-22.286 74.857-59.429 74.857-84.571 0-13.143-12.571-26.286-18.857-37.143-9.143-16-51.429-99.429-61.714-102.857-2.857-1.143-6.286-1.143-9.143-1.143-14.857 0-44 6.857-57.714 12.571-37.714 17.143-65.143 89.143-65.143 128.571 0 38.286 15.429 73.143 28.571 108.571 45.714 125.143 181.714 261.143 306.857 306.857 35.429 13.143 70.286 28.571 108.571 28.571 39.429 0 111.429-27.429 128.571-65.143 5.714-13.714 12.571-42.857 12.571-57.714zM877.714 237.714v548.571c0 90.857-73.714 164.571-164.571 164.571h-548.571c-90.857 0-164.571-73.714-164.571-164.571v-548.571c0-90.857 73.714-164.571 164.571-164.571h548.571c90.857 0 164.571 73.714 164.571 164.571z"],"width":877.7142857142857,"attrs":[],"isMulticolor":false,"isMulticolor2":false,"tags":["phone-square"],"defaultCode":61592,"grid":14},"attrs":[],"properties":{"name":"phone-square","id":144,"order":3,"prevSize":28,"code":61592},"setIdx":0,"setId":2,"iconIdx":144},{"icon":{"paths":["M358.286 310.857c0 4.571-2.286 9.714-5.714 13.143l-224.571 224.571 224.571 224.571c3.429 3.429 5.714 8.571 5.714 13.143s-2.286 9.714-5.714 13.143l-28.571 28.571c-3.429 3.429-8.571 5.714-13.143 5.714s-9.714-2.286-13.143-5.714l-266.286-266.286c-3.429-3.429-5.714-8.571-5.714-13.143s2.286-9.714 5.714-13.143l266.286-266.286c3.429-3.429 8.571-5.714 13.143-5.714s9.714 2.286 13.143 5.714l28.571 28.571c3.429 3.429 5.714 8 5.714 13.143z"],"width":384,"attrs":[],"isMulticolor":false,"isMulticolor2":false,"tags":["angle-left"],"defaultCode":61700,"grid":14},"attrs":[],"properties":{"name":"angle-left","id":233,"order":13,"prevSize":28,"code":61700},"setIdx":0,"setId":2,"iconIdx":233},{"icon":{"paths":["M340 548.571c0 4.571-2.286 9.714-5.714 13.143l-266.286 266.286c-3.429 3.429-8.571 5.714-13.143 5.714s-9.714-2.286-13.143-5.714l-28.571-28.571c-3.429-3.429-5.714-8-5.714-13.143 0-4.571 2.286-9.714 5.714-13.143l224.571-224.571-224.571-224.571c-3.429-3.429-5.714-8.571-5.714-13.143s2.286-9.714 5.714-13.143l28.571-28.571c3.429-3.429 8.571-5.714 13.143-5.714s9.714 2.286 13.143 5.714l266.286 266.286c3.429 3.429 5.714 8.571 5.714 13.143z"],"width":347.4285714285714,"attrs":[],"isMulticolor":false,"isMulticolor2":false,"tags":["angle-right"],"defaultCode":61701,"grid":14},"attrs":[],"properties":{"name":"angle-right","id":234,"order":14,"prevSize":28,"code":61701},"setIdx":0,"setId":2,"iconIdx":234},{"icon":{"paths":["M438.857 182.857v402.286c0 161.143-131.429 292.571-292.571 292.571h-36.571c-20 0-36.571-16.571-36.571-36.571v-73.143c0-20 16.571-36.571 36.571-36.571h36.571c80.571 0 146.286-65.714 146.286-146.286v-18.286c0-30.286-24.571-54.857-54.857-54.857h-128c-60.571 0-109.714-49.143-109.714-109.714v-219.429c0-60.571 49.143-109.714 109.714-109.714h219.429c60.571 0 109.714 49.143 109.714 109.714zM950.857 182.857v402.286c0 161.143-131.429 292.571-292.571 292.571h-36.571c-20 0-36.571-16.571-36.571-36.571v-73.143c0-20 16.571-36.571 36.571-36.571h36.571c80.571 0 146.286-65.714 146.286-146.286v-18.286c0-30.286-24.571-54.857-54.857-54.857h-128c-60.571 0-109.714-49.143-109.714-109.714v-219.429c0-60.571 49.143-109.714 109.714-109.714h219.429c60.571 0 109.714 49.143 109.714 109.714z"],"width":950.8571428571428,"attrs":[],"isMulticolor":false,"isMulticolor2":false,"tags":["quote-right"],"defaultCode":61710,"grid":14},"attrs":[],"properties":{"name":"quote-right","id":243,"order":11,"prevSize":28,"code":61710},"setIdx":0,"setId":2,"iconIdx":243},{"icon":{"paths":["M391.429 742.286l350.857-350.857c14.286-14.286 14.286-37.143 0-51.429l-58.286-58.286c-14.286-14.286-37.143-14.286-51.429 0l-266.857 266.857-120.571-120.571c-14.286-14.286-37.143-14.286-51.429 0l-58.286 58.286c-14.286 14.286-14.286 37.143 0 51.429l204.571 204.571c14.286 14.286 37.143 14.286 51.429 0zM877.714 237.714v548.571c0 90.857-73.714 164.571-164.571 164.571h-548.571c-90.857 0-164.571-73.714-164.571-164.571v-548.571c0-90.857 73.714-164.571 164.571-164.571h548.571c90.857 0 164.571 73.714 164.571 164.571z"],"width":877.7142857142857,"attrs":[],"isMulticolor":false,"isMulticolor2":false,"tags":["check-square"],"defaultCode":61770,"grid":14},"attrs":[],"properties":{"name":"check-square","id":296,"order":10,"prevSize":28,"code":61770},"setIdx":0,"setId":2,"iconIdx":296},{"icon":{"paths":["M1008 6.286c12 8.571 17.714 22.286 15.429 36.571l-146.286 877.714c-1.714 10.857-8.571 20-18.286 25.714-5.143 2.857-11.429 4.571-17.714 4.571-4.571 0-9.143-1.143-13.714-2.857l-258.857-105.714-138.286 168.571c-6.857 8.571-17.143 13.143-28 13.143-4 0-8.571-0.571-12.571-2.286-14.286-5.143-24-18.857-24-34.286v-199.429l493.714-605.143-610.857 528.571-225.714-92.571c-13.143-5.143-21.714-17.143-22.857-31.429-0.571-13.714 6.286-26.857 18.286-33.714l950.857-548.571c5.714-3.429 12-5.143 18.286-5.143 7.429 0 14.857 2.286 20.571 6.286z"],"width":1025.1702857142857,"attrs":[],"isMulticolor":false,"isMulticolor2":false,"tags":["paper-plane","send"],"defaultCode":61912,"grid":14},"attrs":[],"properties":{"name":"paper-plane, send","id":429,"order":12,"prevSize":28,"code":61912},"setIdx":0,"setId":2,"iconIdx":429}],"height":1024,"metadata":{"name":"icomoon"},"preferences":{"showGlyphs":true,"showQuickUse":true,"showQuickUse2":true,"showSVGs":true,"fontPref":{"prefix":"icon-","metadata":{"fontFamily":"icomoon"},